item_id,domain,evidence_text,source_name,source_page,source_url,date_time,location,claim_text,label,claim_type
transport_001_S,transport,"Haymarket Station Due to storm damage, the Percy Street entrance is currently closed.",Nexus Metro Updates,Metro Live Travel News,https://www.nexus.org.uk/metro/updates,2026-04-14T14:47:56.085623+00:00,Haymarket,The Percy Street entrance to Haymarket Metro station is currently closed following storm damage.,Supported,approximate_paraphrase
transport_001_R,transport,"Haymarket Station Due to storm damage, the Percy Street entrance is currently closed.",Nexus Metro Updates,Metro Live Travel News,https://www.nexus.org.uk/metro/updates,2026-04-14T14:47:56.085623+00:00,Haymarket,The Percy Street entrance to Monument Metro station is currently closed following storm damage.,Refuted,location_mismatch
transport_001_N,transport,"Haymarket Station Due to storm damage, the Percy Street entrance is currently closed.",Nexus Metro Updates,Metro Live Travel News,https://www.nexus.org.uk/metro/updates,2026-04-14T14:47:56.085623+00:00,Haymarket,The Percy Street entrance at Haymarket Metro station was closed after storm damage occurred on 12th April.,Not Enough Evidence,time_mismatch
transport_002_S,transport,Northumberland Park Car Park There is a temporary reduction in spaces available at Northumberland Park Car Park while we carry out repairs due to intentional damage to maintain a safe environment.,Nexus Metro Updates,Metro Live Travel News,https://www.nexus.org.uk/metro/updates,2026-04-14T14:47:56.085623+00:00,Tyne and Wear Metro,Northumberland Park Car Park has a temporary reduction in available spaces while repairs are carried out following intentional damage.,Supported,direct_support
transport_002_R,transport,Northumberland Park Car Park There is a temporary reduction in spaces available at Northumberland Park Car Park while we carry out repairs due to intentional damage to maintain a safe environment.,Nexus Metro Updates,Metro Live Travel News,https://www.nexus.org.uk/metro/updates,2026-04-14T14:47:56.085623+00:00,Tyne and Wear Metro,Northumberland Park Car Park is operating normally with no reduction in available parking spaces.,Refuted,negation
transport_002_N,transport,Northumberland Park Car Park There is a temporary reduction in spaces available at Northumberland Park Car Park while we carry out repairs due to intentional damage to maintain a safe environment.,Nexus Metro Updates,Metro Live Travel News,https://www.nexus.org.uk/metro/updates,2026-04-14T14:47:56.085623+00:00,Tyne and Wear Metro,The intentional damage at Northumberland Park Car Park that caused the reduction in parking spaces was reported to Northumbria Police and is under investigation.,Not Enough Evidence,unsupported_extra_detail
transport_003_S,transport,We are operating a temporary revised timetable affecting trains between South Gosforth and Benton in both directions.,Nexus Metro Updates,Metro Live Travel News,https://www.nexus.org.uk/metro/updates,2026-04-14T14:47:56.085623+00:00,Benton,Metro trains between South Gosforth and Benton are currently running on a temporary revised timetable in both directions.,Supported,approximate_paraphrase
transport_003_R,transport,We are operating a temporary revised timetable affecting trains between South Gosforth and Benton in both directions.,Nexus Metro Updates,Metro Live Travel News,https://www.nexus.org.uk/metro/updates,2026-04-14T14:47:56.085623+00:00,Benton,Metro trains between Regent Centre and Benton are currently running on a temporary revised timetable in both directions.,Refuted,location_mismatch
transport_003_N,transport,We are operating a temporary revised timetable affecting trains between South Gosforth and Benton in both directions.,Nexus Metro Updates,Metro Live Travel News,https://www.nexus.org.uk/metro/updates,2026-04-14T14:47:56.085623+00:00,Benton,The revised Metro timetable between South Gosforth and Benton has been introduced to accommodate planned track renewal works in the affected section.,Not Enough Evidence,cause_mismatch
transport_004_S,transport,Whitley Bay footbridge The smaller footbridge within the station is out of use.,Nexus Metro Updates,Metro Live Travel News,https://www.nexus.org.uk/metro/updates,2026-04-14T14:47:56.085623+00:00,Whitley Bay,The smaller footbridge at Whitley Bay Metro station is currently out of use.,Supported,direct_support
transport_004_R,transport,Whitley Bay footbridge The smaller footbridge within the station is out of use.,Nexus Metro Updates,Metro Live Travel News,https://www.nexus.org.uk/metro/updates,2026-04-14T14:47:56.085623+00:00,Whitley Bay,Both footbridges at Whitley Bay Metro station are fully operational.,Refuted,negation
transport_004_N,transport,Whitley Bay footbridge The smaller footbridge within the station is out of use.,Nexus Metro Updates,Metro Live Travel News,https://www.nexus.org.uk/metro/updates,2026-04-14T14:47:56.085623+00:00,Whitley Bay,The smaller footbridge at Whiteley Bay Metro station is out of use due to safety concerns with the walkway surface.,Not Enough Evidence,unsupported_extra_detail
transport_005_S,transport,University staircase work The staircases at University station are closed until further notice while maintenance work takes place.,Nexus Metro Updates,Metro Live Travel News,https://www.nexus.org.uk/metro/updates,2026-04-13T10:52:57.757980+00:00,University,The staircases at University Metro station are closed for maintenance work with no fixed reopening date.,Supported,direct_support
transport_005_R,transport,University staircase work The staircases at University station are closed until further notice while maintenance work takes place.,Nexus Metro Updates,Metro Live Travel News,https://www.nexus.org.uk/metro/updates,2026-04-13T10:52:57.757980+00:00,University,The staircases at University Metro station are fully open to the public.,Refuted,negation
transport_005_N,transport,University staircase work The staircases at University station are closed until further notice while maintenance work takes place.,Nexus Metro Updates,Metro Live Travel News,https://www.nexus.org.uk/metro/updates,2026-04-13T10:52:57.757980+00:00,University,The staircases at University Metro station are closed due to fire safety concerns identified during an inspection.,Not Enough Evidence,cause_mismatch
transport_006_S,transport,Monkseaton station work We're carrying out inspections and roof repairs at Monkseaton station which requires scaffolding.,Nexus Metro Updates,Metro Live Travel News,https://www.nexus.org.uk/metro/updates,2026-04-14T14:47:56.085623+00:00,Monkseaton,There are inspections and roof repairs being carried out at Monkseaton station.,Supported,approximate_paraphrase
transport_006_R,transport,Monkseaton station work We're carrying out inspections and roof repairs at Monkseaton station which requires scaffolding.,Nexus Metro Updates,Metro Live Travel News,https://www.nexus.org.uk/metro/updates,2026-04-14T14:47:56.085623+00:00,Monkseaton,There are inspections and roof repairs being carried out at Haymarket station.,Refuted,location_mismatch
transport_006_N,transport,Monkseaton station work We're carrying out inspections and roof repairs at Monkseaton station which requires scaffolding.,Nexus Metro Updates,Metro Live Travel News,https://www.nexus.org.uk/metro/updates,2026-04-14T14:47:56.085623+00:00,Monkseaton,Inspections and roof repairs are being done at Monkseaton station due to storm damage.,Not Enough Evidence,cause_mismatch
transport_007_S,transport,"Monday, 13 April 2026- Friday 17 April Five day line closure: Five day line closure between South Shields and Pelaw Monday 13 to Friday 17 April 2026 No trains will run between South Shields and Pelaw in both directions for five days from Monday 13",Nexus Metro Updates,Metro Live Travel News,https://www.nexus.org.uk/metro/updates,2026-04-13T10:52:57.757980+00:00,South Shields,The Metro line between South Shields and Pelaw is closed in both directions for five days from Monday 13 April to Friday 17 April 2026.,Supported,direct_support
transport_007_R,transport,"Monday, 13 April 2026- Friday 17 April Five day line closure: Five day line closure between South Shields and Pelaw Monday 13 to Friday 17 April 2026 No trains will run between South Shields and Pelaw in both directions for five days from Monday 13",Nexus Metro Updates,Metro Live Travel News,https://www.nexus.org.uk/metro/updates,2026-04-13T10:52:57.757980+00:00,South Shields,Metro trains are running as normal between South Shields and Pelaw this week.,Refuted,negation
transport_007_N,transport,"Monday, 13 April 2026- Friday 17 April Five day line closure: Five day line closure between South Shields and Pelaw Monday 13 to Friday 17 April 2026 No trains will run between South Shields and Pelaw in both directions for five days from Monday 13",Nexus Metro Updates,Metro Live Travel News,https://www.nexus.org.uk/metro/updates,2026-04-13T10:52:57.757980+00:00,South Shields,The Metro closure between South Shields and Pelaw this week is due to a signalling fault on the line.,Not Enough Evidence,cause_mismatch
transport_008_S,transport,"Sunday, 03 May 2026- No trains between Pelaw and South Hylton 3, 4 May 2026: No trains between Pelaw and South Hylton all day on Sunday 3 and bank holiday Monday 4 May 2026",Nexus Metro Updates,Metro Live Travel News,https://www.nexus.org.uk/metro/updates,2026-04-13T10:52:57.757980+00:00,Pelaw,There will be no Metro trains between Pelaw and South Hylton all day on Sunday 3 May and bank holiday Monday 4 May 2026.,Supported,direct_support
transport_008_R,transport,"Sunday, 03 May 2026- No trains between Pelaw and South Hylton 3, 4 May 2026: No trains between Pelaw and South Hylton all day on Sunday 3 and bank holiday Monday 4 May 2026",Nexus Metro Updates,Metro Live Travel News,https://www.nexus.org.uk/metro/updates,2026-04-13T10:52:57.757980+00:00,Pelaw,Metro services between Pelaw and South Hylton are operating normally on 3 and 4 May.,Refuted,negation
transport_008_N,transport,"Sunday, 03 May 2026- No trains between Pelaw and South Hylton 3, 4 May 2026: No trains between Pelaw and South Hylton all day on Sunday 3 and bank holiday Monday 4 May 2026",Nexus Metro Updates,Metro Live Travel News,https://www.nexus.org.uk/metro/updates,2026-04-13T10:52:57.757980+00:00,Pelaw,Metro services between Pelaw and South Hylton are suspended on 3 and 4 May due to an emergency track repair.,Not Enough Evidence,cause_mismatch
weather_001_S,weather,"Met Office forecast for Newcastle upon Tyne: Sunny day, 10.42°C, wind 2.8 mph, 1% chance of precipitation at 2026-04-13T11:00Z.",Met Office,Newcastle upon Tyne Hourly Forecast,https://weather.metoffice.gov.uk/forecast/gcybg0rne,2026-04-13T11:00Z,Newcastle upon Tyne,Newcastle is forecast to have a sunny day with a very low chance of rain at 11am on 13 April 2026.,Supported,direct_support
weather_001_R,weather,"Met Office forecast for Newcastle upon Tyne: Sunny day, 10.42°C, wind 2.8 mph, 1% chance of precipitation at 2026-04-13T11:00Z.",Met Office,Newcastle upon Tyne Hourly Forecast,https://weather.metoffice.gov.uk/forecast/gcybg0rne,2026-04-13T11:00Z,Newcastle upon Tyne,Newcastle is forecast to have overcast conditions and heavy rain at 11am on 13 April 2026.,Refuted,negation
weather_001_N,weather,"Met Office forecast for Newcastle upon Tyne: Sunny day, 10.42°C, wind 2.8 mph, 1% chance of precipitation at 2026-04-13T11:00Z.",Met Office,Newcastle upon Tyne Hourly Forecast,https://weather.metoffice.gov.uk/forecast/gcybg0rne,2026-04-13T11:00Z,Newcastle upon Tyne,Newcastle is forecast to have a sunny day at 11am on 13 April 2026 with parakeets expected to fly over.,Not Enough Evidence,unsupported_extra_detail
weather_002_S,weather,"Met Office forecast for Newcastle upon Tyne: Light rain, 12.76°C, wind 3.09 mph, 57% chance of precipitation at 2026-04-14T14:00Z.",Met Office,Newcastle upon Tyne Hourly Forecast,https://weather.metoffice.gov.uk/forecast/gcybg0rne,2026-04-14T14:00Z,Newcastle upon Tyne,Newcastle is forecast to have light rain with a better-than-even chance of precipitation at 2pm on 14 April 2026.,Supported,approximate_paraphrase
weather_002_R,weather,"Met Office forecast for Newcastle upon Tyne: Light rain, 12.76°C, wind 3.09 mph, 57% chance of precipitation at 2026-04-14T14:00Z.",Met Office,Newcastle upon Tyne Hourly Forecast,https://weather.metoffice.gov.uk/forecast/gcybg0rne,2026-04-14T14:00Z,Newcastle upon Tyne,Newcastle is forecast to have dry and clear conditions with no rain at 2pm on 14 April 2026.,Refuted,negation
weather_002_N,weather,"Met Office forecast for Newcastle upon Tyne: Light rain, 12.76°C, wind 3.09 mph, 57% chance of precipitation at 2026-04-14T14:00Z.",Met Office,Newcastle upon Tyne Hourly Forecast,https://weather.metoffice.gov.uk/forecast/gcybg0rne,2026-04-14T14:00Z,Newcastle upon Tyne,Newcastle is forecast to have light rain with a 57% chance of precipitation at 8pm on 14 April 2026.,Not Enough Evidence,time_mismatch
weather_003_S,weather,"Met Office forecast for Newcastle upon Tyne: Cloudy, 13.35°C, wind 3.64 mph, 16% chance of precipitation at 2026-04-14T15:00Z.",Met Office,Newcastle upon Tyne Hourly Forecast,https://weather.metoffice.gov.uk/forecast/gcybg0rne,2026-04-14T15:00Z,Newcastle upon Tyne,Newcastle is expected to be cloudy with around a one-in-six chance of rain at 3pm on 14 April 2026.,Supported,approximate_paraphrase
weather_003_R,weather,"Met Office forecast for Newcastle upon Tyne: Cloudy, 13.35°C, wind 3.64 mph, 16% chance of precipitation at 2026-04-14T15:00Z.",Met Office,Newcastle upon Tyne Hourly Forecast,https://weather.metoffice.gov.uk/forecast/gcybg0rne,2026-04-14T15:00Z,Newcastle upon Tyne,Newcastle is forecast to have sunny spells with no chance of rain at 3pm on 14 April 2026.,Refuted,negation
weather_003_N,weather,"Met Office forecast for Newcastle upon Tyne: Cloudy, 13.35°C, wind 3.64 mph, 16% chance of precipitation at 2026-04-14T15:00Z.",Met Office,Newcastle upon Tyne Hourly Forecast,https://weather.metoffice.gov.uk/forecast/gcybg0rne,2026-04-14T15:00Z,Newcastle upon Tyne,Newcastle is expected to be cloudy with a 16% chance of rain at 6pm on 14 April 2026.,Not Enough Evidence,time_mismatch
weather_004_S,weather,"Met Office forecast for Newcastle upon Tyne: Cloudy, 13.08°C, wind 4.78 mph, 10% chance of precipitation at 2026-04-14T16:00Z.",Met Office,Newcastle upon Tyne Hourly Forecast,https://weather.metoffice.gov.uk/forecast/gcybg0rne,2026-04-14T16:00Z,Newcastle upon Tyne,Newcastle is forecast to be cloudy with a one-in-ten chance of rain at 4pm on 14 April 2026.,Supported,approximate_paraphrase
weather_004_R,weather,"Met Office forecast for Newcastle upon Tyne: Cloudy, 13.08°C, wind 4.78 mph, 10% chance of precipitation at 2026-04-14T16:00Z.",Met Office,Newcastle upon Tyne Hourly Forecast,https://weather.metoffice.gov.uk/forecast/gcybg0rne,2026-04-14T16:00Z,Newcastle upon Tyne,Gateshead is forecast to be cloudy with a 10% chance of rain at 4pm on 14 April 2026.,Refuted,location_mismatch
weather_004_N,weather,"Met Office forecast for Newcastle upon Tyne: Cloudy, 13.08°C, wind 4.78 mph, 10% chance of precipitation at 2026-04-14T16:00Z.",Met Office,Newcastle upon Tyne Hourly Forecast,https://weather.metoffice.gov.uk/forecast/gcybg0rne,2026-04-14T16:00Z,Newcastle upon Tyne,Newcastle is forecast to be cloudy with a 10% chance of rain at 9pm on 14 April 2026.,Not Enough Evidence,time_mismatch
weather_005_S,weather,"Met Office forecast for Newcastle upon Tyne: Cloudy, 12.17°C, wind 5.5 mph, 9% chance of precipitation at 2026-04-14T17:00Z.",Met Office,Newcastle upon Tyne Hourly Forecast,https://weather.metoffice.gov.uk/forecast/gcybg0rne,2026-04-14T17:00Z,Newcastle upon Tyne,Newcastle is expected to be cloudy with a very low chance of rain at 5pm on 14 April 2026.,Supported,approximate_paraphrase
weather_005_R,weather,"Met Office forecast for Newcastle upon Tyne: Cloudy, 12.17°C, wind 5.5 mph, 9% chance of precipitation at 2026-04-14T17:00Z.",Met Office,Newcastle upon Tyne Hourly Forecast,https://weather.metoffice.gov.uk/forecast/gcybg0rne,2026-04-14T17:00Z,Newcastle upon Tyne,Newcastle is forecast to have persistent heavy rain at 5pm on 14 April 2026.,Refuted,negation
weather_005_N,weather,"Met Office forecast for Newcastle upon Tyne: Cloudy, 12.17°C, wind 5.5 mph, 9% chance of precipitation at 2026-04-14T17:00Z.",Met Office,Newcastle upon Tyne Hourly Forecast,https://weather.metoffice.gov.uk/forecast/gcybg0rne,2026-04-14T17:00Z,Newcastle upon Tyne,Newcastle is expected to be cloudy with a 9% chance of rain at 10pm on 14 April 2026.,Not Enough Evidence,time_mismatch
weather_006_S,weather,"Met Office forecast for Newcastle upon Tyne: Light rain shower (day), 11.28°C, wind 3.21 mph, 27% chance of precipitation at 2026-04-13T14:00Z.",Met Office,Newcastle upon Tyne Hourly Forecast,https://weather.metoffice.gov.uk/forecast/gcybg0rne,2026-04-13T14:00Z,Newcastle upon Tyne,Newcastle is forecast to have a light rain shower with around a one-in-four chance of rain at 2pm on 13 April 2026.,Supported,approximate_paraphrase
weather_006_R,weather,"Met Office forecast for Newcastle upon Tyne: Light rain shower (day), 11.28°C, wind 3.21 mph, 27% chance of precipitation at 2026-04-13T14:00Z.",Met Office,Newcastle upon Tyne Hourly Forecast,https://weather.metoffice.gov.uk/forecast/gcybg0rne,2026-04-13T14:00Z,Newcastle upon Tyne,Newcastle is forecast to be clear and sunny with no rain at 2pm on 13 April 2026.,Refuted,negation
weather_006_N,weather,"Met Office forecast for Newcastle upon Tyne: Light rain shower (day), 11.28°C, wind 3.21 mph, 27% chance of precipitation at 2026-04-13T14:00Z.",Met Office,Newcastle upon Tyne Hourly Forecast,https://weather.metoffice.gov.uk/forecast/gcybg0rne,2026-04-13T14:00Z,Newcastle upon Tyne,A light rain shower is expected in Newcastle at noon on 13 April 2026.,Not Enough Evidence,time_mismatch
weather_007_S,weather,"Met Office forecast for Newcastle upon Tyne: Light rain shower (day), 10.13°C, wind 4.3 mph, 34% chance of precipitation at 2026-04-13T16:00Z.",Met Office,Newcastle upon Tyne Hourly Forecast,https://weather.metoffice.gov.uk/forecast/gcybg0rne,2026-04-13T16:00Z,Newcastle upon Tyne,Newcastle is forecast to have a light rain shower with around a one-in-three chance of rain at 4pm on 13 April 2026.,Supported,approximate_paraphrase
weather_007_R,weather,"Met Office forecast for Newcastle upon Tyne: Light rain shower (day), 10.13°C, wind 4.3 mph, 34% chance of precipitation at 2026-04-13T16:00Z.",Met Office,Newcastle upon Tyne Hourly Forecast,https://weather.metoffice.gov.uk/forecast/gcybg0rne,2026-04-13T16:00Z,Newcastle upon Tyne,Newcastle is forecast to have clear skies and no rain at 4pm on 13 April 2026.,Refuted,negation
weather_007_N,weather,"Met Office forecast for Newcastle upon Tyne: Light rain shower (day), 10.13°C, wind 4.3 mph, 34% chance of precipitation at 2026-04-13T16:00Z.",Met Office,Newcastle upon Tyne Hourly Forecast,https://weather.metoffice.gov.uk/forecast/gcybg0rne,2026-04-13T16:00Z,Newcastle upon Tyne,Newcastle is expected to have a light rain shower at 10am on 13 April 2026.,Not Enough Evidence,time_mismatch
weather_008_S,weather,"Met Office forecast for Newcastle upon Tyne: Cloudy, 7.6°C, wind 2.25 mph, 7% chance of precipitation at 2026-04-13T19:00Z.",Met Office,Newcastle upon Tyne Hourly Forecast,https://weather.metoffice.gov.uk/forecast/gcybg0rne,2026-04-13T19:00Z,Newcastle upon Tyne,Newcastle is expected to be cloudy with a very low chance of rain at 7pm on 13 April 2026.,Supported,approximate_paraphrase
weather_008_R,weather,"Met Office forecast for Newcastle upon Tyne: Cloudy, 7.6°C, wind 2.25 mph, 7% chance of precipitation at 2026-04-13T19:00Z.",Met Office,Newcastle upon Tyne Hourly Forecast,https://weather.metoffice.gov.uk/forecast/gcybg0rne,2026-04-13T19:00Z,Newcastle upon Tyne,Newcastle is forecast to have clear skies with no clouds at 7pm on 13 April 2026.,Refuted,negation
weather_008_N,weather,"Met Office forecast for Newcastle upon Tyne: Cloudy, 7.6°C, wind 2.25 mph, 7% chance of precipitation at 2026-04-13T19:00Z.",Met Office,Newcastle upon Tyne Hourly Forecast,https://weather.metoffice.gov.uk/forecast/gcybg0rne,2026-04-13T19:00Z,Newcastle upon Tyne,Newcastle is forecast to be cloudy with a 7% chance of rain at 9pm on 13 April 2026.,Not Enough Evidence,time_mismatch
roadworks_001_S,roadworks,"Roadworks on Fern Drive: Abandon approx 11m of 6"" SI and replace with approx 11m of LP PE - also a connection permit for works on March Road.. Traffic management: Some carriageway incursion. Delays unlikely. Work expected to end 2026-04-27.",Newcastle City Council Roadworks,Roadworks in Newcastle Map (One.Network),https://community.newcastle.gov.uk/apps/showroadworks,2026-04-07T08:55:00+01:00,Fern Drive,"Roadworks are underway on Fern Drive involving pipe replacement with some carriageway incursion, and delays are considered unlikely before work ends on 27 April.",Supported,direct_support
roadworks_001_R,roadworks,"Roadworks on Fern Drive: Abandon approx 11m of 6"" SI and replace with approx 11m of LP PE - also a connection permit for works on March Road.. Traffic management: Some carriageway incursion. Delays unlikely. Work expected to end 2026-04-27.",Newcastle City Council Roadworks,Roadworks in Newcastle Map (One.Network),https://community.newcastle.gov.uk/apps/showroadworks,2026-04-07T08:55:00+01:00,Fern Drive,"Roadworks on Fern Drive involving pipe replacement are expected to end on 30 April, with some carriageway incursion and delays considered unlikely.",Refuted,time_mismatch
roadworks_001_N,roadworks,"Roadworks on Fern Drive: Abandon approx 11m of 6"" SI and replace with approx 11m of LP PE - also a connection permit for works on March Road.. Traffic management: Some carriageway incursion. Delays unlikely. Work expected to end 2026-04-27.",Newcastle City Council Roadworks,Roadworks in Newcastle Map (One.Network),https://community.newcastle.gov.uk/apps/showroadworks,2026-04-07T08:55:00+01:00,Fern Drive,The Fern Drive roadworks involve replacement of an ageing gas service pipe that had developed a leak detected during routine monitoring.,Not Enough Evidence,unsupported_extra_detail
roadworks_002_S,roadworks,Roadworks on Malvern Road: Demolish FW2 rebuild FW4. 15m x lowering. Delays unlikely. Work expected to end 2026-04-17.,Newcastle City Council Roadworks,Roadworks in Newcastle Map (One.Network),https://community.newcastle.gov.uk/apps/showroadworks,2026-04-13T09:26:00+01:00,Malvern Road,"Roadworks are taking place on Malvern Road to rebuild a footway section, with delays considered unlikely before work ends on 17 April.",Supported,direct_support
roadworks_002_R,roadworks,Roadworks on Malvern Road: Demolish FW2 rebuild FW4. 15m x lowering. Delays unlikely. Work expected to end 2026-04-17.,Newcastle City Council Roadworks,Roadworks in Newcastle Map (One.Network),https://community.newcastle.gov.uk/apps/showroadworks,2026-04-13T09:26:00+01:00,Malvern Road,"Roadworks to rebuild a footway section are taking place on Balmoral Road, with delays considered unlikely before work ends on 17 April.",Refuted,location_mismatch
roadworks_002_N,roadworks,Roadworks on Malvern Road: Demolish FW2 rebuild FW4. 15m x lowering. Delays unlikely. Work expected to end 2026-04-17.,Newcastle City Council Roadworks,Roadworks in Newcastle Map (One.Network),https://community.newcastle.gov.uk/apps/showroadworks,2026-04-13T09:26:00+01:00,Malvern Road,The Malvern Road footway rebuilding works are being carried out by Northumbrian Water as part of a planned infrastructure renewal programme.,Not Enough Evidence,unsupported_extra_detail
roadworks_003_S,roadworks,"Roadworks on Park Road: Northumberland County Council road closure for carriageway patching.

Expected work dates 13/04/2026 - 17/04/2026 between the hours of 08:00 - 16:00.

Access maintained for pedestrians.

Road closure Order dates 13/04/2026 - 13/10/2026.. Delays likely. Work expected to end 2026-10-13.",Newcastle City Council Roadworks,Roadworks in Newcastle Map (One.Network),https://community.newcastle.gov.uk/apps/showroadworks,2026-04-13T00:00:00+01:00,Park Road,"Park Road is closed for carriageway patching by Northumberland County Council, with pedestrian access maintained and work planned between 08:00 and 16:00 until 17 April.",Supported,direct_support
roadworks_003_R,roadworks,"Roadworks on Park Road: Northumberland County Council road closure for carriageway patching.

Expected work dates 13/04/2026 - 17/04/2026 between the hours of 08:00 - 16:00.

Access maintained for pedestrians.

Road closure Order dates 13/04/2026 - 13/10/2026.. Delays likely. Work expected to end 2026-10-13.",Newcastle City Council Roadworks,Roadworks in Newcastle Map (One.Network),https://community.newcastle.gov.uk/apps/showroadworks,2026-04-13T00:00:00+01:00,Park Road,"Park Road is closed for carriageway patching between the hours of 07:00 and 18:00 until 17 April, with pedestrian access maintained.",Refuted,time_mismatch
roadworks_003_N,roadworks,"Roadworks on Park Road: Northumberland County Council road closure for carriageway patching.

Expected work dates 13/04/2026 - 17/04/2026 between the hours of 08:00 - 16:00.

Access maintained for pedestrians.

Road closure Order dates 13/04/2026 - 13/10/2026.. Delays likely. Work expected to end 2026-10-13.",Newcastle City Council Roadworks,Roadworks in Newcastle Map (One.Network),https://community.newcastle.gov.uk/apps/showroadworks,2026-04-13T00:00:00+01:00,Park Road,The Park Road road closure for carriageway patching is part of Northumberland County Council's annual highway maintenance programme targeting the most deteriorated surfaces in the area.,Not Enough Evidence,unsupported_extra_detail
roadworks_004_S,roadworks,Roadworks on Church Road: Install fire valve. Delays unlikely. Work expected to end 2026-04-17.,Newcastle City Council Roadworks,Roadworks in Newcastle Map (One.Network),https://community.newcastle.gov.uk/apps/showroadworks,2026-04-13T00:00:00+01:00,Church Road,"Roadworks are taking place on Church Road to install a fire valve, with delays considered unlikely before work ends on 17 April.",Supported,direct_support
roadworks_004_R,roadworks,Roadworks on Church Road: Install fire valve. Delays unlikely. Work expected to end 2026-04-17.,Newcastle City Council Roadworks,Roadworks in Newcastle Map (One.Network),https://community.newcastle.gov.uk/apps/showroadworks,2026-04-13T00:00:00+01:00,Church Road,"Roadworks to install a fire valve are taking place on Chapel Road, with delays considered unlikely before work ends on 17 April.",Refuted,location_mismatch
roadworks_004_N,roadworks,Roadworks on Church Road: Install fire valve. Delays unlikely. Work expected to end 2026-04-17.,Newcastle City Council Roadworks,Roadworks in Newcastle Map (One.Network),https://community.newcastle.gov.uk/apps/showroadworks,2026-04-13T00:00:00+01:00,Church Road,The Church Road roadworks to install a fire valve are being carried out by Northumbrian Water as part of upgrades to improve fire service water supply pressure in the area.,Not Enough Evidence,unsupported_extra_detail
roadworks_005_S,roadworks,Roadworks on Prince Consort Road: make safe collapse in back lane. Traffic management: Some carriageway incursion. Delays unlikely. Work expected to end 2026-05-15.,Newcastle City Council Roadworks,Roadworks in Newcastle Map (One.Network),https://community.newcastle.gov.uk/apps/showroadworks,2026-01-21T08:20:00+00:00,Prince Consort Road,"Roadworks are underway on Prince Consort Road to make safe a collapsed back lane, with some carriageway incursion and delays considered unlikely before work ends on 15 May.",Supported,direct_support
roadworks_005_R,roadworks,Roadworks on Prince Consort Road: make safe collapse in back lane. Traffic management: Some carriageway incursion. Delays unlikely. Work expected to end 2026-05-15.,Newcastle City Council Roadworks,Roadworks in Newcastle Map (One.Network),https://community.newcastle.gov.uk/apps/showroadworks,2026-01-21T08:20:00+00:00,Prince Consort Road,Roadworks on Prince Consort Road to make safe a collapsed back lane are expected to cause significant delays to traffic until 15 May.,Refuted,outcome_mismatch
roadworks_005_N,roadworks,Roadworks on Prince Consort Road: make safe collapse in back lane. Traffic management: Some carriageway incursion. Delays unlikely. Work expected to end 2026-05-15.,Newcastle City Council Roadworks,Roadworks in Newcastle Map (One.Network),https://community.newcastle.gov.uk/apps/showroadworks,2026-01-21T08:20:00+00:00,Prince Consort Road,The collapse on Prince Consort Road back lane is believed to have been caused by underground water erosion following a period of heavy rainfall.,Not Enough Evidence,cause_mismatch
roadworks_006_S,roadworks,Roadworks on Meadowdale Crescent: Excavate on existing valve chamber to renew cover.. Delays unlikely. Work expected to end 2026-04-29.,Newcastle City Council Roadworks,Roadworks in Newcastle Map (One.Network),https://community.newcastle.gov.uk/apps/showroadworks,2026-04-27T00:00:00+01:00,Meadowdale Crescent,"Roadworks are taking place on Meadowdale Crescent to renew a valve chamber cover, with delays considered unlikely before work ends on 29 April.",Supported,direct_support
roadworks_006_R,roadworks,Roadworks on Meadowdale Crescent: Excavate on existing valve chamber to renew cover.. Delays unlikely. Work expected to end 2026-04-29.,Newcastle City Council Roadworks,Roadworks in Newcastle Map (One.Network),https://community.newcastle.gov.uk/apps/showroadworks,2026-04-27T00:00:00+01:00,Meadowdale Crescent,Roadworks to renew a valve chamber cover are currently taking place on Stakeford Lane with delays considered unlikely.,Refuted,location_mismatch
roadworks_006_N,roadworks,Roadworks on Meadowdale Crescent: Excavate on existing valve chamber to renew cover.. Delays unlikely. Work expected to end 2026-04-29.,Newcastle City Council Roadworks,Roadworks in Newcastle Map (One.Network),https://community.newcastle.gov.uk/apps/showroadworks,2026-04-27T00:00:00+01:00,Meadowdale Crescent,The roadworks on Meadowdale Crescent are being carried out by Northumbrian Water as part of a wider network upgrade.,Not Enough Evidence,unsupported_extra_detail
roadworks_007_S,roadworks,Roadworks on Stakeford Lane: Excavate on service to install new boundary box.. Delays unlikely. Work expected to end 2026-04-21.,Newcastle City Council Roadworks,Roadworks in Newcastle Map (One.Network),https://community.newcastle.gov.uk/apps/showroadworks,2026-04-15T00:00:00+01:00,Stakeford Lane,"Roadworks are underway on Stakeford Lane to install a new boundary box, with delays considered unlikely before work finishes on 21 April.",Supported,direct_support
roadworks_007_R,roadworks,Roadworks on Stakeford Lane: Excavate on service to install new boundary box.. Delays unlikely. Work expected to end 2026-04-21.,Newcastle City Council Roadworks,Roadworks in Newcastle Map (One.Network),https://community.newcastle.gov.uk/apps/showroadworks,2026-04-15T00:00:00+01:00,Stakeford Lane,"Roadworks to install a new boundary box are underway on Meadowdale Crescent, with delays considered unlikely.",Refuted,location_mismatch
roadworks_007_N,roadworks,Roadworks on Stakeford Lane: Excavate on service to install new boundary box.. Delays unlikely. Work expected to end 2026-04-21.,Newcastle City Council Roadworks,Roadworks in Newcastle Map (One.Network),https://community.newcastle.gov.uk/apps/showroadworks,2026-04-15T00:00:00+01:00,Stakeford Lane,The Stakeford Lane roadworks to install a boundary box are part of a new housing development connection project.,Not Enough Evidence,unsupported_extra_detail
crime_001_S,crime,"Anti-social behaviour recorded on On Or Near Parking Area, Newcastle, in January 2026.",Police.uk,Street-level crime data,https://data.police.uk/api/crimes-street/all-crime,2026-01-01T00:00:00+00:00,On Or Near Parking Area,An anti-social behaviour incident was recorded near a parking area in Newcastle in January 2026.,Supported,approximate_paraphrase
crime_001_R,crime,"Anti-social behaviour recorded on On Or Near Parking Area, Newcastle, in January 2026.",Police.uk,Street-level crime data,https://data.police.uk/api/crimes-street/all-crime,2026-01-01T00:00:00+00:00,On Or Near Parking Area,An anti-social behaviour incident was recorded near the Central Station area in Newcastle in January 2026.,Refuted,location_mismatch
crime_001_N,crime,"Anti-social behaviour recorded on On Or Near Parking Area, Newcastle, in January 2026.",Police.uk,Street-level crime data,https://data.police.uk/api/crimes-street/all-crime,2026-01-01T00:00:00+00:00,On Or Near Parking Area,The anti-social behaviour incident recorded near the parking area in Newcastle in January 2026 involved a group of individuals causing damage to parked vehicles.,Not Enough Evidence,unsupported_extra_detail
crime_002_S,crime,"Bicycle theft recorded on On Or Near Edward Place, Newcastle, in January 2026. Outcome: Under investigation.",Police.uk,Street-level crime data,https://data.police.uk/api/crimes-street/all-crime,2026-01-01T00:00:00+00:00,On Or Near Edward Place,A bicycle theft was recorded near Edward Place in Newcastle in January 2026 and remains under investigation.,Supported,approximate_paraphrase
crime_002_R,crime,"Bicycle theft recorded on On Or Near Edward Place, Newcastle, in January 2026. Outcome: Under investigation.",Police.uk,Street-level crime data,https://data.police.uk/api/crimes-street/all-crime,2026-01-01T00:00:00+00:00,On Or Near Edward Place,The bicycle theft recorded near Edward Place in Newcastle in January 2026 has concluded with a suspect being charged.,Refuted,outcome_mismatch
crime_002_N,crime,"Bicycle theft recorded on On Or Near Edward Place, Newcastle, in January 2026. Outcome: Under investigation.",Police.uk,Street-level crime data,https://data.police.uk/api/crimes-street/all-crime,2026-01-01T00:00:00+00:00,On Or Near Edward Place,The bicycle theft near Edward Place in January 2026 involved a locked bicycle taken from a local business.,Not Enough Evidence,unsupported_extra_detail
crime_003_S,crime,"Burglary recorded on On Or Near Haymarket, Newcastle, in January 2026. Outcome: Under investigation.",Police.uk,Street-level crime data,https://data.police.uk/api/crimes-street/all-crime,2026-01-01T00:00:00+00:00,On Or Near Haymarket,A burglary was recorded near the Haymarket area of Newcastle in January 2026 and is currently under investigation.,Supported,approximate_paraphrase
crime_003_R,crime,"Burglary recorded on On Or Near Haymarket, Newcastle, in January 2026. Outcome: Under investigation.",Police.uk,Street-level crime data,https://data.police.uk/api/crimes-street/all-crime,2026-01-01T00:00:00+00:00,On Or Near Haymarket,A burglary was recorded near Eldon Square in Newcastle in January 2026 and is currently under investigation.,Refuted,location_mismatch
crime_003_N,crime,"Burglary recorded on On Or Near Haymarket, Newcastle, in January 2026. Outcome: Under investigation.",Police.uk,Street-level crime data,https://data.police.uk/api/crimes-street/all-crime,2026-01-01T00:00:00+00:00,On Or Near Haymarket,The burglary recorded near the Haymarket in January 2026 was at a commercial premises.,Not Enough Evidence,unsupported_extra_detail
crime_004_S,crime,"Criminal damage and arson recorded on On Or Near St Nicholas' Church Yard, Newcastle, in January 2026. Outcome: Investigation complete; no suspect identified.",Police.uk,Street-level crime data,https://data.police.uk/api/crimes-street/all-crime,2026-01-01T00:00:00+00:00,On Or Near St Nicholas' Church Yard,A criminal damage and arson offence was recorded near St Nicholas' Church Yard in Newcastle in January 2026 with no suspect identified.,Supported,approximate_paraphrase
crime_004_R,crime,"Criminal damage and arson recorded on On Or Near St Nicholas' Church Yard, Newcastle, in January 2026. Outcome: Investigation complete; no suspect identified.",Police.uk,Street-level crime data,https://data.police.uk/api/crimes-street/all-crime,2026-01-01T00:00:00+00:00,On Or Near St Nicholas' Church Yard,The criminal damage and arson offence near St Nicholas' Church Yard in Newcastle in January 2026 resulted in a suspect being arrested and charged.,Refuted,outcome_mismatch
crime_004_N,crime,"Criminal damage and arson recorded on On Or Near St Nicholas' Church Yard, Newcastle, in January 2026. Outcome: Investigation complete; no suspect identified.",Police.uk,Street-level crime data,https://data.police.uk/api/crimes-street/all-crime,2026-01-01T00:00:00+00:00,On Or Near St Nicholas' Church Yard,The criminal damage and arson recorded near St Nicholas' Church Yard in January 2026 involved a burning rubbish bin.,Not Enough Evidence,unsupported_extra_detail
crime_005_S,crime,"Drugs offence recorded on On Or Near Fenkle Street, Newcastle, in January 2026. Outcome: Under investigation.",Police.uk,Street-level crime data,https://data.police.uk/api/crimes-street/all-crime,2026-01-01T00:00:00+00:00,On Or Near Fenkle Street,A drugs offence was recorded near Fenkle Street in Newcastle in January 2026 and is currently under investigation.,Supported,approximate_paraphrase
crime_005_R,crime,"Drugs offence recorded on On Or Near Fenkle Street, Newcastle, in January 2026. Outcome: Under investigation.",Police.uk,Street-level crime data,https://data.police.uk/api/crimes-street/all-crime,2026-01-01T00:00:00+00:00,On Or Near Fenkle Street,No drugs offences were recorded near Fenkle Street in Newcastle in January 2026.,Refuted,negation
crime_005_N,crime,"Drugs offence recorded on On Or Near Fenkle Street, Newcastle, in January 2026. Outcome: Under investigation.",Police.uk,Street-level crime data,https://data.police.uk/api/crimes-street/all-crime,2026-01-01T00:00:00+00:00,On Or Near Fenkle Street,A drugs offence recorded near Fenkle Street in January 2026 involved possession of Class A substances.,Not Enough Evidence,unsupported_extra_detail
crime_006_S,crime,"Possession of weapons recorded on On Or Near Bus/Coach Station, Newcastle, in January 2026. Outcome: Awaiting court outcome.",Police.uk,Street-level crime data,https://data.police.uk/api/crimes-street/all-crime,2026-01-01T00:00:00+00:00,On Or Near Bus/Coach Station,A weapons possession offence was recorded near Newcastle Bus Station in January 2026 and the case is awaiting a court outcome.,Supported,approximate_paraphrase
crime_006_R,crime,"Possession of weapons recorded on On Or Near Bus/Coach Station, Newcastle, in January 2026. Outcome: Awaiting court outcome.",Police.uk,Street-level crime data,https://data.police.uk/api/crimes-street/all-crime,2026-01-01T00:00:00+00:00,On Or Near Bus/Coach Station,No weapons possession incidents were recorded at Newcastle Bus Station in January 2026.,Refuted,negation
crime_006_N,crime,"Possession of weapons recorded on On Or Near Bus/Coach Station, Newcastle, in January 2026. Outcome: Awaiting court outcome.",Police.uk,Street-level crime data,https://data.police.uk/api/crimes-street/all-crime,2026-01-01T00:00:00+00:00,On Or Near Bus/Coach Station,The weapons possession offence recorded near Newcastle Bus Station in January 2026 involved a knife found during a routine stop and search.,Not Enough Evidence,unsupported_extra_detail
crime_007_S,crime,"Shoplifting recorded on On Or Near Prince Albert Terrace, Newcastle, in January 2026. Outcome: Investigation complete; no suspect identified.",Police.uk,Street-level crime data,https://data.police.uk/api/crimes-street/all-crime,2026-01-01T00:00:00+00:00,On Or Near Prince Albert Terrace,A shoplifting incident was recorded near Prince Albert Terrace in Newcastle in January 2026.,Supported,approximate_paraphrase
crime_007_R,crime,"Shoplifting recorded on On Or Near Prince Albert Terrace, Newcastle, in January 2026. Outcome: Investigation complete; no suspect identified.",Police.uk,Street-level crime data,https://data.police.uk/api/crimes-street/all-crime,2026-01-01T00:00:00+00:00,On Or Near Prince Albert Terrace,Several suspects were arrested in January 2026 following a shoplifting incident on Prince Albert Terrace.,Refuted,outcome_mismatch
crime_007_N,crime,"Shoplifting recorded on On Or Near Prince Albert Terrace, Newcastle, in January 2026. Outcome: Investigation complete; no suspect identified.",Police.uk,Street-level crime data,https://data.police.uk/api/crimes-street/all-crime,2026-01-01T00:00:00+00:00,On Or Near Prince Albert Terrace,The shoplifting near Prince Albert Terrace in January 2026 involved goods stolen from a nearby convenience store.,Not Enough Evidence,unsupported_extra_detail